Month,Staff_Number,Passed_Count,Denominator
2017-07-01,20004,33,33
2017-08-01,20004,14,14
2017-09-01,20004,33,33
2017-10-01,20004,40,42
2017-11-01,20004,23,23
2017-07-01,20004,42,44
2017-08-01,20014,48,48
2017-09-01,20014,50,52
2017-10-01,20014,51,52
2017-11-01,20014,24,25
2017-12-01,20014,50,54
2017-08-01,20015,15,15
2017-09-01,20015,22,22
2017-10-01,20015,24,24
2017-11-01,20015,18,18
2017-12-01,20015,22,24
2017-07-01,20017,26,30
2017-08-01,20017,13,14
2017-09-01,20017,18,19
2017-10-01,20017,21,24
2017-11-01,20017,17,22
2017-12-01,20017,27,28
2017-09-01,20019,22,23
2017-10-01,20019,9,10
2017-07-01,20027,36,36
2017-08-01,20027,94,94
2017-09-01,20027,84,87
2017-10-01,20027,48,48
2017-11-01,20027,76,87
2017-12-01,20027,67,76
2017-07-01,20029,16,16
2017-08-01,20029,28,32
2017-09-01,20029,17,17
2017-10-01,20029,20,21
2017-11-01,20029,16,19
2017-12-01,20029,23,24
2017-07-01,20036,24,25
2017-08-01,20036,40,44
2017-09-01,20036,16,17
2017-10-01,20036,35,39
2017-11-01,20036,23,26
2017-12-01,20036,13,14
2017-07-01,20045,18,18
2017-08-01,20045,26,27
2017-09-01,20045,15,15
2017-10-01,20045,45,47
2017-11-01,20045,36,39
2017-12-01,20045,37,37
2017-07-01,20052,11,11
2017-08-01,20052,25,25
2017-09-01,20052,22,22
2017-10-01,20052,18,18
2017-11-01,20052,12,14
2017-12-01,20052,17,17
2017-07-01,20058,15,15
2017-08-01,20058,18,18
2017-11-01,20058,12,13
2017-12-01,20058,12,12
2017-07-01,20061,15,19
2017-08-01,20061,13,17
2017-09-01,20061,9,10
2017-10-01,20061,22,22
2017-11-01,20061,17,20
2017-12-01,20061,20,21
2017-09-01,20065,12,12
2017-10-01,20065,27,27
2017-11-01,20065,22,23
2017-08-01,20066,12,13
2017-10-01,20066,12,12
2017-11-01,20066,18,18
2017-12-01,20066,9,10
2017-07-01,20067,21,25
2017-08-01,20067,11,12
2017-09-01,20067,19,20
2017-10-01,20067,19,22
2017-11-01,20067,10,13
2017-07-01,20274,30,31
2017-08-01,20274,9,10
2017-09-01,20274,20,24
2017-10-01,20274,38,40
2017-11-01,20274,25,29
2017-12-01,20274,19,19
2017-07-01,20282,23,23
2017-08-01,20282,28,29
2017-09-01,20282,14,14
2017-10-01,20282,19,19
2017-11-01,20282,11,12
2017-12-01,20282,19,20
2017-07-01,20295,31,31
2017-08-01,20295,31,32
2017-09-01,20295,17,18
2017-10-01,20295,27,29
2017-11-01,20295,14,18
2017-12-01,20295,23,24
2017-07-01,20420,40,40
2017-08-01,20420,14,15
2017-09-01,20420,20,29
2017-10-01,20420,48,50
2017-11-01,20420,43,46
2017-12-01,20420,44,48
2017-07-01,20435,35,36
2017-08-01,20435,42,47
2017-10-01,20435,41,45
2017-11-01,20435,36,37
2017-12-01,20435,29,33
2017-07-01,20441,10,10
2017-10-01,20441,10,10
2017-07-01,20465,24,29
2017-08-01,20465,17,18
2017-09-01,20465,13,13
2017-10-01,20465,11,12
2017-11-01,20465,16,16
2017-12-01,20465,17,19
2017-07-01,20473,14,14
2017-08-01,20473,15,15
2017-09-01,20473,8,12
2017-11-01,20473,11,14
2017-12-01,20473,12,12
2017-07-01,20495,10,10
2017-10-01,20495,12,12
2017-12-01,20495,9,11
2017-07-01,20497,24,24
2017-08-01,20497,24,24
2017-09-01,20497,32,35
2017-10-01,20497,24,25
2017-11-01,20497,53,57
2017-12-01,20497,46,47
2017-11-01,20505,13,14
2017-12-01,20505,10,10
2017-09-01,20506,9,10
2017-12-01,20506,7,11
2017-07-01,20514,21,21
2017-08-01,20514,26,28
2017-09-01,20514,51,51
2017-10-01,20514,23,24
2017-11-01,20514,40,42
2017-12-01,20514,20,20
2017-11-01,20517,16,16
2017-12-01,20517,13,13
2017-11-01,20518,12,12
2017-07-01,20523,10,10
2017-09-01,20523,9,11
2017-11-01,20523,9,11
2017-12-01,20523,8,10
2017-07-01,20528,13,16
2017-09-01,20528,16,18
2017-10-01,20528,18,23
2017-11-01,20528,10,12
2017-12-01,20528,17,19
2017-07-01,20533,18,18
2017-07-01,20553,16,16
2017-12-01,20553,5,11
2017-09-01,20556,14,14
2017-10-01,20556,13,14
2017-07-01,20560,45,45
2017-08-01,20560,35,36
2017-09-01,20560,63,63
2017-10-01,20560,57,57
2017-11-01,20560,47,47
2017-12-01,20560,41,42
2017-07-01,20562,10,10
2017-08-01,20562,14,14
2017-07-01,20563,15,15
2017-08-01,20563,12,12
2017-09-01,20563,11,11
2017-07-01,20565,13,13
2017-07-01,20585,10,10
2017-12-01,20585,15,15
2017-11-01,20586,12,12
2017-07-01,20607,30,30
2017-08-01,20607,25,27
2017-09-01,20607,20,20
2017-10-01,20607,13,14
2017-11-01,20607,32,33
2017-12-01,20607,22,22
2017-08-01,20609,12,12
2017-10-01,20609,15,15
2017-12-01,20609,12,16
2017-07-01,20615,20,20
2017-08-01,20615,24,24
2017-09-01,20615,21,21
2017-10-01,20615,27,28
2017-11-01,20615,23,24
2017-12-01,20615,20,21
2017-07-01,20621,13,13
2017-08-01,20621,17,17
2017-09-01,20621,18,20
2017-10-01,20621,18,20
2017-11-01,20621,15,16
2017-12-01,20621,13,15
2017-07-01,20629,18,18
2017-08-01,20629,15,15
2017-10-01,20629,11,11
2017-11-01,20629,12,12
2017-12-01,20630,9,10
2017-07-01,20633,20,20
2017-08-01,20633,28,28
2017-09-01,20633,11,12
2017-10-01,20633,22,22
2017-11-01,20633,26,26
2017-12-01,20633,16,16
2017-07-01,20643,9,10
2017-08-01,20643,9,10
2017-07-01,20671,10,10
2017-08-01,20671,20,22
2017-10-01,20671,17,18
2017-11-01,20671,19,23
2017-12-01,20671,25,25
2017-12-01,20683,11,12
2017-08-01,20686,10,10
2017-09-01,20686,6,14
2017-11-01,20686,10,15
2017-10-01,20687,11,11
2017-07-01,20689,10,13
2017-10-01,20689,8,10
2017-08-01,20699,19,19
2017-10-01,20699,17,18
2017-12-01,20699,9,12
2017-07-01,20702,46,46
2017-08-01,20702,25,26
2017-09-01,20702,38,39
2017-10-01,20702,33,33
2017-11-01,20702,46,46
2017-12-01,20702,29,30
2017-07-01,20705,14,14
2017-08-01,20705,13,13
2017-10-01,20705,10,10
2017-12-01,20705,10,10
2017-07-01,20783,46,47
2017-08-01,20783,72,75
2017-09-01,20783,59,65
2017-10-01,20783,64,70
2017-11-01,20783,41,47
2017-12-01,20783,65,66
2017-07-01,20795,11,15
2017-08-01,20795,18,20
2017-09-01,20795,25,26
2017-10-01,20795,16,17
2017-11-01,20795,16,18
2017-12-01,20795,11,11
2017-08-01,20821,11,12
2017-09-01,20821,13,13
2017-10-01,20821,18,19
2017-11-01,20821,10,10
2017-09-01,20834,10,10
2017-08-01,20887,10,10
2017-11-01,20887,10,10
2017-12-01,20887,12,12
2017-10-01,20897,12,13
2017-12-01,20897,9,10
2017-08-01,20900,13,13
2017-09-01,20900,12,12
2017-10-01,20900,9,11
2017-11-01,20900,14,14
2017-12-01,20900,12,13
2017-07-01,20920,11,11
2017-08-01,20920,17,18
2017-09-01,20920,25,26
2017-10-01,20920,27,27
2017-11-01,20920,17,17
2017-12-01,20920,25,26
2017-08-01,20978,11,14
2017-07-01,20997,45,45
2017-08-01,20997,31,32
2017-09-01,20997,22,22
2017-10-01,20997,32,32
2017-11-01,20997,32,32
2017-12-01,20997,23,24
2017-07-01,21018,29,29
2017-09-01,21018,12,12
2017-10-01,21018,11,13
2017-11-01,21018,18,19
2017-12-01,21018,13,13
2017-07-01,21020,13,13
2017-08-01,21020,14,14
2017-08-01,21099,10,10
2017-10-01,21099,11,11
2017-08-01,21102,12,12
2017-07-01,21121,19,19
2017-08-01,21121,22,22
2017-09-01,21121,15,15
2017-10-01,21121,18,19
2017-11-01,21121,16,20
2017-12-01,21121,15,18
2017-07-01,21125,20,20
2017-08-01,21125,23,24
2017-09-01,21125,32,33
2017-10-01,21125,32,32
2017-11-01,21125,35,36
2017-12-01,21125,32,35
2017-07-01,21127,18,19
2017-08-01,21127,28,29
2017-09-01,21127,17,18
2017-10-01,21127,27,28
2017-11-01,21127,10,10
2017-12-01,21127,21,21
2017-07-01,21128,22,22
2017-08-01,21128,27,27
2017-07-01,21129,26,26
2017-08-01,21129,26,27
2017-09-01,21129,18,19
2017-10-01,21129,26,26
2017-11-01,21129,17,18
2017-12-01,21129,24,24
2017-07-01,21136,21,22
2017-09-01,21136,13,15
2017-10-01,21136,9,10
2017-11-01,21136,30,34
2017-12-01,21136,10,12
2017-07-01,21287,17,19
2017-08-01,21287,42,44
2017-10-01,21287,31,31
2017-11-01,21287,25,26
2017-12-01,21287,31,31
2017-07-01,21547,10,10
2017-08-01,21547,14,15
2017-09-01,21547,22,22
2017-10-01,21547,14,14
2017-11-01,21547,19,22
2017-07-01,21587,35,35
2017-08-01,21587,28,30
2017-09-01,21587,19,20
2017-10-01,21587,37,40
2017-11-01,21587,33,36
2017-12-01,21587,36,37
2017-08-01,21589,22,23
2017-09-01,21589,25,26
2017-10-01,21589,12,12
2017-11-01,21589,23,25
2017-12-01,21589,10,11
2017-07-01,21591,32,34
2017-08-01,21591,24,27
2017-09-01,21591,26,27
2017-10-01,21591,22,24
2017-11-01,21591,12,12
2017-12-01,21591,32,34
2017-07-01,21603,27,27
2017-08-01,21603,47,47
2017-09-01,21603,28,28
2017-10-01,21603,11,11
2017-11-01,21603,30,33
2017-12-01,21603,28,28
2017-07-01,21649,14,14
2017-10-01,21649,13,15
2017-11-01,21697,20,20
2017-12-01,21697,21,21
2017-11-01,21720,59,66
2017-12-01,21720,45,50
2017-07-01,21728,19,20
2017-08-01,21728,50,53
2017-09-01,21728,51,53
2017-10-01,21728,65,65
2017-11-01,21728,27,31
2017-12-01,21728,36,36
2017-12-01,21750,10,10
2017-08-01,21751,11,11
2017-12-01,21751,12,12
2017-08-01,21766,11,11
2017-11-01,21766,10,10
2017-12-01,21766,10,10
2017-08-01,21797,13,13
2017-07-01,21843,10,10
2017-08-01,21847,16,18
2017-10-01,21847,15,15
2017-11-01,21847,14,14
2017-12-01,21847,18,18
2017-08-01,21859,30,30
2017-09-01,21859,20,20
2017-10-01,21859,15,16
2017-11-01,21859,15,16
2017-07-01,21862,22,22
2017-08-01,21884,10,11
2017-10-01,21884,13,14
2017-07-01,21894,32,32
2017-07-01,21956,11,11
2017-08-01,21956,12,13
2017-09-01,21956,14,14
2017-10-01,21956,19,19
2017-11-01,21956,12,12
2017-10-01,21966,11,11
2017-11-01,21966,21,22
2017-09-01,21967,17,19
2017-12-01,21967,20,20
2017-08-01,21968,14,15
2017-09-01,21968,13,13
2017-10-01,21968,18,18
2017-11-01,21968,14,15
2017-12-01,21968,13,13
2017-07-01,21969,23,23
2017-10-01,21969,10,10
2017-11-01,21969,12,12
2017-08-01,21970,11,11
2017-10-01,21970,18,18
2017-11-01,21970,19,19
2017-10-01,21971,13,13
2017-11-01,21971,29,29
2017-12-01,21971,12,12
2017-11-01,21972,20,21
2017-12-01,21972,20,21
2017-08-01,21973,14,14
2017-09-01,21973,11,11
2017-10-01,21973,15,16
2017-11-01,21973,15,16
2017-07-01,21974,23,24
2017-10-01,21974,17,17
2017-12-01,21974,14,15
2017-09-01,21975,20,21
2017-08-01,21976,17,17
2017-09-01,21976,11,12
2017-10-01,21976,11,11
2017-11-01,21976,9,11
2017-12-01,21976,14,14
2017-07-01,21977,10,12
2017-09-01,21977,19,19
2017-10-01,21977,11,13
2017-11-01,21977,26,30
2017-07-01,21978,15,15
2017-09-01,21978,12,12
2017-11-01,21978,10,10
2017-12-01,21978,19,19
2017-07-01,21979,22,22
2017-09-01,21979,11,11
2017-10-01,21979,13,14
2017-11-01,21979,13,13
2017-12-01,21979,15,15
2017-08-01,21980,12,12
2017-10-01,21980,19,19
2017-12-01,21980,12,12
2017-07-01,21981,15,15
2017-08-01,21981,13,13
2017-12-01,21981,16,16
2017-08-01,21982,16,18
2017-11-01,21982,12,13
2017-12-01,21982,26,26
2017-08-01,21983,20,20
2017-10-01,21983,18,18
2017-11-01,21983,10,10
2017-12-01,21983,11,11
2017-07-01,21984,16,16
2017-10-01,21984,10,10
2017-11-01,21984,16,16
2017-12-01,21984,16,16
2017-09-01,21985,21,22
2017-10-01,21985,12,12
2017-11-01,21985,17,17
2017-12-01,21985,15,15
2017-07-01,21986,22,22
2017-10-01,21986,16,17
2017-11-01,21986,11,11
2017-07-01,21987,10,10
2017-11-01,21987,22,22
2017-09-01,21988,10,11
2017-10-01,21988,14,16
2017-11-01,21988,22,23
2017-12-01,21988,16,21
2017-07-01,21989,26,26
2017-10-01,21989,15,15
2017-11-01,21989,12,17
2017-12-01,21989,21,23
2017-07-01,21990,18,19
2017-08-01,21990,23,24
2017-09-01,21990,15,15
2017-11-01,21990,11,11
2017-12-01,21990,18,18
2017-07-01,21991,23,23
2017-08-01,21991,18,18
2017-09-01,21991,20,23
2017-10-01,21991,15,15
2017-12-01,21991,9,10
2017-07-01,21996,33,33
2017-08-01,21996,21,21
2017-09-01,21996,39,39
2017-10-01,21996,21,21
2017-12-01,21996,30,30
2017-09-01,21999,17,17
2017-10-01,21999,10,10
2017-11-01,21999,11,12
2017-12-01,21999,17,17
2017-10-01,22000,12,12
2017-11-01,22000,14,14
2017-12-01,22000,14,15
2017-07-01,22001,12,12
2017-08-01,22001,15,15
2017-09-01,22001,22,22
2017-10-01,22001,28,28
2017-08-01,22002,13,13
2017-12-01,22002,17,17
2017-07-01,22003,24,24
2017-08-01,22003,13,15
2017-09-01,22003,10,10
2017-10-01,22003,10,10
2017-11-01,22003,10,10
2017-07-01,22004,19,19
2017-09-01,22004,12,12
2017-12-01,22004,11,11
2017-08-01,22005,14,14
2017-09-01,22005,10,10
2017-10-01,22005,22,22
2017-12-01,22005,11,11
2017-09-01,22006,30,30
2017-10-01,22006,24,25
2017-11-01,22006,15,16
2017-12-01,22006,17,20
2017-08-01,22007,19,19
2017-09-01,22007,11,11
2017-12-01,22007,18,18
2017-08-01,22008,12,12
2017-10-01,22008,12,12
2017-07-01,22009,27,28
2017-08-01,22009,17,17
2017-10-01,22009,21,21
2017-07-01,22010,18,18
2017-08-01,22010,11,11
2017-09-01,22010,22,22
2017-10-01,22010,12,12
2017-11-01,22010,13,13
2017-12-01,22010,23,26
2017-07-01,22011,26,27
2017-09-01,22011,10,12
2017-10-01,22011,13,13
2017-11-01,22011,9,10
2017-12-01,22011,12,12
2017-10-01,22012,10,10
2017-11-01,22012,15,15
2017-12-01,22012,12,12
2017-07-01,22013,11,11
2017-10-01,22013,18,18
2017-12-01,22013,14,14
2017-07-01,22014,20,20
2017-09-01,22014,19,19
2017-07-01,22015,17,17
2017-12-01,22015,18,18
2017-07-01,22016,14,16
2017-12-01,22016,11,13
2017-08-01,22017,27,27
2017-11-01,22017,11,13
2017-07-01,22018,17,18
2017-10-01,22018,14,14
2017-11-01,22018,13,13
2017-12-01,22018,15,15
2017-07-01,22019,19,19
2017-08-01,22019,18,19
2017-09-01,22019,15,15
2017-10-01,22019,13,13
2017-11-01,22019,21,21
2017-07-01,22020,14,14
2017-08-01,22020,11,11
2017-09-01,22020,15,15
2017-10-01,22020,13,13
2017-07-01,22022,14,14
2017-09-01,22022,14,14
2017-10-01,22022,12,13
2017-12-01,22022,10,11
2017-07-01,22023,18,18
2017-09-01,22023,15,15
2017-10-01,22023,25,25
2017-11-01,22023,33,33
2017-07-01,22024,15,15
2017-08-01,22024,16,16
2017-09-01,22024,12,12
2017-11-01,22024,12,14
2017-12-01,22024,12,12
2017-07-01,22052,29,29
2017-08-01,22052,16,18
2017-09-01,22052,11,11
2017-11-01,22052,25,30
2017-12-01,22052,11,12
2017-07-01,22081,12,12
2017-08-01,22081,15,19
2017-09-01,22081,16,16
2017-07-01,22083,17,17
2017-08-01,22083,31,31
2017-09-01,22083,15,15
2017-11-01,22083,11,11
2017-12-01,22083,10,10
2017-08-01,22099,11,11
2017-07-01,22111,19,21
2017-08-01,22111,14,14
2017-09-01,22111,13,13
2017-12-01,22111,10,11
2017-07-01,22115,14,14
2017-10-01,22115,21,21
2017-11-01,22115,15,16
2017-07-01,22125,12,12
2017-08-01,22125,32,32
2017-10-01,22125,16,17
2017-12-01,22125,11,12
2017-07-01,22164,25,25
2017-08-01,22164,10,10
2017-09-01,22164,11,12
2017-10-01,22164,19,19
2017-11-01,22164,10,11
2017-12-01,22164,13,14
2017-07-01,22165,9,10
2017-08-01,22165,21,21
2017-07-01,22166,39,41
2017-08-01,22166,51,53
2017-09-01,22166,55,56
2017-10-01,22166,49,49
2017-11-01,22166,50,51
2017-12-01,22166,67,71
2017-07-01,22167,14,16
2017-09-01,22167,9,11
2017-10-01,22167,11,13
2017-11-01,22167,17,19
2017-12-01,22167,10,10
2017-07-01,22169,26,26
2017-08-01,22169,38,38
2017-09-01,22169,12,13
2017-10-01,22169,23,24
2017-11-01,22169,17,18
2017-07-01,22170,19,19
2017-08-01,22170,24,25
2017-09-01,22170,25,25
2017-10-01,22170,18,18
2017-11-01,22170,15,15
2017-12-01,22170,14,14
2017-07-01,22171,19,19
2017-08-01,22171,27,27
2017-09-01,22171,32,35
2017-10-01,22171,15,15
2017-11-01,22171,15,16
2017-12-01,22171,36,36
2017-07-01,22172,14,15
2017-08-01,22172,19,20
2017-09-01,22172,30,31
2017-10-01,22172,25,25
2017-11-01,22172,12,13
2017-12-01,22172,15,16
2017-07-01,22173,23,23
2017-08-01,22173,24,25
2017-09-01,22173,15,16
2017-10-01,22173,21,21
2017-11-01,22173,16,19
2017-07-01,22174,32,32
2017-08-01,22174,30,31
2017-09-01,22174,19,20
2017-10-01,22174,23,23
2017-11-01,22174,19,21
2017-12-01,22174,19,19
2017-07-01,22176,10,10
2017-08-01,22176,14,14
2017-09-01,22176,24,24
2017-10-01,22176,29,31
2017-11-01,22176,20,23
2017-12-01,22176,18,23
2017-07-01,22177,26,26
2017-09-01,22177,20,21
2017-10-01,22177,15,16
2017-11-01,22177,24,32
2017-12-01,22177,10,14
2017-07-01,22178,24,24
2017-09-01,22178,15,16
2017-10-01,22178,12,14
2017-11-01,22178,12,15
2017-12-01,22178,16,16
2017-07-01,22180,32,33
2017-08-01,22180,31,31
2017-09-01,22180,14,14
2017-10-01,22180,23,25
2017-11-01,22180,14,14
2017-12-01,22180,28,29
2017-07-01,22181,25,28
2017-09-01,22181,13,14
2017-10-01,22181,25,26
2017-11-01,22181,24,25
2017-12-01,22181,8,17
2017-07-01,22182,21,21
2017-08-01,22182,24,24
2017-09-01,22182,26,26
2017-10-01,22182,20,21
2017-11-01,22182,23,25
2017-12-01,22182,22,23
2017-07-01,22185,18,20
2017-08-01,22185,18,18
2017-11-01,22185,10,10
2017-08-01,22188,17,17
2017-12-01,22188,19,19
2017-07-01,22189,24,24
2017-08-01,22189,25,26
2017-09-01,22189,13,14
2017-10-01,22189,10,10
2017-11-01,22189,25,25
2017-12-01,22189,11,12
2017-08-01,22190,26,26
2017-09-01,22190,20,20
2017-10-01,22190,13,13
2017-11-01,22190,12,17
2017-12-01,22190,14,15
2017-07-01,22191,21,25
2017-08-01,22191,14,19
2017-09-01,22191,20,27
2017-10-01,22191,15,16
2017-12-01,22191,17,20
2017-07-01,22192,16,16
2017-09-01,22192,18,20
2017-10-01,22192,23,23
2017-11-01,22192,16,19
2017-07-01,22193,14,14
2017-08-01,22193,22,22
2017-09-01,22193,10,10
2017-11-01,22193,21,24
2017-12-01,22193,14,16
2017-07-01,22194,14,15
2017-08-01,22194,18,19
2017-09-01,22194,10,10
2017-11-01,22194,15,15
2017-07-01,22195,20,21
2017-08-01,22195,16,16
2017-10-01,22195,26,27
2017-11-01,22195,20,20
2017-12-01,22195,15,15
2017-08-01,22196,9,12
2017-09-01,22196,16,16
2017-10-01,22196,30,30
2017-11-01,22196,15,15
2017-12-01,22196,28,29
2017-07-01,22197,17,17
2017-08-01,22197,24,27
2017-10-01,22197,18,19
2017-12-01,22197,15,15
2017-08-01,22199,25,26
2017-09-01,22199,23,23
2017-10-01,22199,20,20
2017-12-01,22199,18,18
2017-10-01,22200,6,10
2017-12-01,22200,8,10
2017-07-01,22229,17,17
2017-08-01,22229,25,25
2017-09-01,22229,22,25
2017-10-01,22229,34,35
2017-11-01,22229,28,32
2017-12-01,22229,19,20
2017-11-01,22231,7,10
2017-12-01,22231,10,11
2017-08-01,22274,10,10
2017-10-01,22274,11,11
2017-11-01,22274,10,10
2017-07-01,22275,15,17
2017-08-01,22275,50,51
2017-09-01,22275,28,28
2017-10-01,22275,30,31
2017-11-01,22275,20,21
2017-12-01,22275,39,40
2017-07-01,22281,32,33
2017-08-01,22281,43,43
2017-09-01,22281,35,36
2017-10-01,22281,18,18
2017-11-01,22281,16,16
2017-12-01,22281,17,17
2017-07-01,22293,28,28
2017-08-01,22293,29,29
2017-09-01,22293,18,18
2017-10-01,22293,19,19
2017-11-01,22293,21,23
2017-12-01,22293,17,19
2017-08-01,22297,8,10
2017-11-01,22297,12,12
2017-12-01,22297,16,17
2017-07-01,22299,20,20
2017-08-01,22299,15,15
2017-10-01,22299,20,21
2017-08-01,22306,14,15
2017-07-01,22325,21,22
2017-08-01,22325,18,18
2017-09-01,22325,12,12
2017-12-01,22325,18,18
2017-07-01,22326,11,12
2017-08-01,22326,12,14
2017-09-01,22326,13,13
2017-10-01,22326,16,18
2017-12-01,22326,10,10
2017-07-01,22327,9,11
2017-08-01,22327,9,10
2017-09-01,22327,11,11
2017-10-01,22327,7,10
2017-11-01,22327,14,21
2017-12-01,22327,19,19
2017-07-01,22328,14,14
2017-11-01,22328,11,11
2017-07-01,22331,18,18
2017-08-01,22331,16,17
2017-09-01,22331,19,19
2017-11-01,22331,19,21
2017-12-01,22331,11,12
2017-08-01,22369,11,11
2017-10-01,22399,19,20
2017-10-01,22404,12,12
2017-11-01,22404,21,29
2017-12-01,22404,22,27
2017-11-01,22412,11,14
2017-12-01,22412,15,15
2017-12-01,22419,13,13
2017-12-01,22420,11,11
